checkpoint_interval,config_name,data_recovery_rate_percent,experiment_duration_seconds,items_recovered,items_stored,recovery_time_seconds,replication_factor,run_id,status,store_time_seconds,strategy,timestamp
,Baseline,0.0,0.010931968688964844,0,100,7.152557373046875e-07,,1,SUCCESS,0.0002396106719970703,baseline,2025-12-17T10:18:39.568802
,Baseline,0.0,0.013410091400146484,0,100,2.384185791015625e-07,,2,SUCCESS,0.0001316070556640625,baseline,2025-12-17T10:18:41.587291
,Baseline,0.0,0.01102590560913086,0,100,2.384185791015625e-07,,3,SUCCESS,0.00016021728515625,baseline,2025-12-17T10:18:43.602165
,Baseline,0.0,0.012614011764526367,0,100,2.384185791015625e-07,,4,SUCCESS,0.0002243518829345703,baseline,2025-12-17T10:18:45.617385
,Baseline,0.0,0.012674093246459961,0,100,2.384185791015625e-07,,5,SUCCESS,0.0001361370086669922,baseline,2025-12-17T10:18:47.633906
,Baseline,0.0,0.033513784408569336,0,100,4.76837158203125e-07,,6,SUCCESS,0.0001418590545654297,baseline,2025-12-17T10:18:49.670614
,Baseline,0.0,0.01804375648498535,0,100,2.384185791015625e-07,,7,SUCCESS,0.0001983642578125,baseline,2025-12-17T10:18:51.693393
,Baseline,0.0,0.046034812927246094,0,100,4.76837158203125e-07,,8,SUCCESS,0.00020575523376464844,baseline,2025-12-17T10:18:53.744511
,Baseline,0.0,0.019359111785888672,0,100,4.76837158203125e-07,,9,SUCCESS,0.00015997886657714844,baseline,2025-12-17T10:18:55.765651
,Baseline,0.0,0.016918659210205078,0,100,4.76837158203125e-07,,10,SUCCESS,0.00015974044799804688,baseline,2025-12-17T10:18:57.785181
,Baseline,0.0,0.011544942855834961,0,100,2.384185791015625e-07,,11,SUCCESS,0.0001373291015625,baseline,2025-12-17T10:18:59.800311
,Baseline,0.0,0.24783897399902344,0,100,9.5367431640625e-07,,12,SUCCESS,0.0002486705780029297,baseline,2025-12-17T10:19:02.086025
,Baseline,0.0,0.015577077865600586,0,100,4.76837158203125e-07,,13,SUCCESS,0.0001647472381591797,baseline,2025-12-17T10:19:04.106684
,Baseline,0.0,0.0076558589935302734,0,100,4.76837158203125e-07,,14,SUCCESS,0.00014209747314453125,baseline,2025-12-17T10:19:06.115093
,Baseline,0.0,0.014199018478393555,0,100,2.384185791015625e-07,,15,SUCCESS,0.00035881996154785156,baseline,2025-12-17T10:19:08.130585
,Baseline,0.0,0.025966167449951172,0,100,4.76837158203125e-07,,16,SUCCESS,0.00031828880310058594,baseline,2025-12-17T10:19:10.159543
,Baseline,0.0,0.009320974349975586,0,100,2.384185791015625e-07,,17,SUCCESS,0.00014138221740722656,baseline,2025-12-17T10:19:12.173697
,Baseline,0.0,0.010162115097045898,0,100,2.384185791015625e-07,,18,SUCCESS,0.00019788742065429688,baseline,2025-12-17T10:19:14.186702
,Baseline,0.0,0.009284734725952148,0,100,2.384185791015625e-07,,19,SUCCESS,0.0001728534698486328,baseline,2025-12-17T10:19:16.199851
,Baseline,0.0,0.008377313613891602,0,100,2.384185791015625e-07,,20,SUCCESS,0.0001285076141357422,baseline,2025-12-17T10:19:18.211617
15,Checkpoint_15s,0.0,0.013870000839233398,0,100,0.00012445449829101562,,1,SUCCESS,0.0002732276916503906,checkpointing,2025-12-17T10:19:18.225549
15,Checkpoint_15s,0.0,0.012262344360351562,0,100,0.00010514259338378906,,2,SUCCESS,0.00015687942504882812,checkpointing,2025-12-17T10:19:20.237979
15,Checkpoint_15s,0.0,0.016225099563598633,0,100,0.00018334388732910156,,3,SUCCESS,0.0001804828643798828,checkpointing,2025-12-17T10:19:22.256472
15,Checkpoint_15s,0.0,0.008635997772216797,0,100,0.00021839141845703125,,4,SUCCESS,0.0001690387725830078,checkpointing,2025-12-17T10:19:24.269264
15,Checkpoint_15s,0.0,0.02007913589477539,0,100,0.0003325939178466797,,5,SUCCESS,0.0002701282501220703,checkpointing,2025-12-17T10:19:26.291622
15,Checkpoint_15s,0.0,0.009283065795898438,0,100,0.00014781951904296875,,6,SUCCESS,0.00016689300537109375,checkpointing,2025-12-17T10:19:28.305301
15,Checkpoint_15s,0.0,0.010421991348266602,0,100,0.0001366138458251953,,7,SUCCESS,0.00016570091247558594,checkpointing,2025-12-17T10:19:30.320135
15,Checkpoint_15s,0.0,0.011219263076782227,0,100,0.000148773193359375,,8,SUCCESS,0.00023436546325683594,checkpointing,2025-12-17T10:19:32.334886
15,Checkpoint_15s,0.0,0.016231060028076172,0,100,0.0005304813385009766,,9,SUCCESS,0.0005168914794921875,checkpointing,2025-12-17T10:19:34.356182
15,Checkpoint_15s,0.0,0.02198481559753418,0,100,0.0006432533264160156,,10,SUCCESS,0.0005564689636230469,checkpointing,2025-12-17T10:19:36.382693
15,Checkpoint_15s,0.0,0.010601997375488281,0,100,0.0002048015594482422,,11,SUCCESS,0.00016379356384277344,checkpointing,2025-12-17T10:19:38.395075
15,Checkpoint_15s,0.0,0.010248899459838867,0,100,0.00015974044799804688,,12,SUCCESS,0.00016117095947265625,checkpointing,2025-12-17T10:19:40.406581
15,Checkpoint_15s,0.0,0.02028512954711914,0,100,0.0005860328674316406,,13,SUCCESS,0.0009064674377441406,checkpointing,2025-12-17T10:19:42.427314
15,Checkpoint_15s,0.0,0.018613815307617188,0,100,0.0002484321594238281,,14,SUCCESS,0.00019669532775878906,checkpointing,2025-12-17T10:19:44.446898
15,Checkpoint_15s,0.0,0.009233951568603516,0,100,0.0001697540283203125,,15,SUCCESS,0.00016450881958007812,checkpointing,2025-12-17T10:19:46.456618
15,Checkpoint_15s,0.0,0.009271860122680664,0,100,0.00017976760864257812,,16,SUCCESS,0.00018286705017089844,checkpointing,2025-12-17T10:19:48.470526
15,Checkpoint_15s,0.0,0.021239042282104492,0,100,0.0003750324249267578,,17,SUCCESS,0.0005176067352294922,checkpointing,2025-12-17T10:19:50.493147
15,Checkpoint_15s,0.0,0.008957862854003906,0,100,0.00021576881408691406,,18,SUCCESS,0.0001697540283203125,checkpointing,2025-12-17T10:19:52.503832
15,Checkpoint_15s,0.0,0.04745006561279297,0,100,0.00028824806213378906,,19,SUCCESS,0.00017118453979492188,checkpointing,2025-12-17T10:19:54.553700
15,Checkpoint_15s,0.0,0.009345054626464844,0,100,0.0002384185791015625,,20,SUCCESS,0.000194549560546875,checkpointing,2025-12-17T10:19:56.567407
30,Checkpoint_30s,0.0,0.007960081100463867,0,100,0.00019693374633789062,,1,SUCCESS,0.0001575946807861328,checkpointing,2025-12-17T10:19:56.575448
30,Checkpoint_30s,0.0,0.013818025588989258,0,100,0.0002143383026123047,,2,SUCCESS,0.0005562305450439453,checkpointing,2025-12-17T10:19:58.594291
30,Checkpoint_30s,0.0,0.02135324478149414,0,100,0.00023508071899414062,,3,SUCCESS,0.00018787384033203125,checkpointing,2025-12-17T10:20:00.620699
30,Checkpoint_30s,0.0,0.0584101676940918,0,100,0.000774383544921875,,4,SUCCESS,0.0006744861602783203,checkpointing,2025-12-17T10:20:02.682380
30,Checkpoint_30s,0.0,0.011000633239746094,0,100,0.00023603439331054688,,5,SUCCESS,0.00018262863159179688,checkpointing,2025-12-17T10:20:04.698396
30,Checkpoint_30s,0.0,0.012264013290405273,0,100,0.00018596649169921875,,6,SUCCESS,0.00017595291137695312,checkpointing,2025-12-17T10:20:06.714103
30,Checkpoint_30s,0.0,0.020962953567504883,0,100,0.0001995563507080078,,7,SUCCESS,0.0003910064697265625,checkpointing,2025-12-17T10:20:08.740089
30,Checkpoint_30s,0.0,0.012634754180908203,0,100,0.00020933151245117188,,8,SUCCESS,0.00021839141845703125,checkpointing,2025-12-17T10:20:10.757760
30,Checkpoint_30s,0.0,0.01427602767944336,0,100,0.00025844573974609375,,9,SUCCESS,0.00019121170043945312,checkpointing,2025-12-17T10:20:12.777062
30,Checkpoint_30s,0.0,0.026898860931396484,0,100,0.0002434253692626953,,10,SUCCESS,0.00029158592224121094,checkpointing,2025-12-17T10:20:14.808990
30,Checkpoint_30s,0.0,0.014366865158081055,0,100,0.0003085136413574219,,11,SUCCESS,0.00021004676818847656,checkpointing,2025-12-17T10:20:16.825483
30,Checkpoint_30s,0.0,0.03148007392883301,0,100,0.001238107681274414,,12,SUCCESS,0.0005431175231933594,checkpointing,2025-12-17T10:20:18.857376
30,Checkpoint_30s,0.0,0.10541391372680664,0,100,0.00020766258239746094,,13,SUCCESS,0.0002560615539550781,checkpointing,2025-12-17T10:20:20.964117
30,Checkpoint_30s,0.0,0.1458721160888672,0,100,0.0006177425384521484,,14,SUCCESS,0.0012290477752685547,checkpointing,2025-12-17T10:20:23.113977
30,Checkpoint_30s,0.0,0.014290332794189453,0,100,0.0003960132598876953,,15,SUCCESS,0.000392913818359375,checkpointing,2025-12-17T10:20:25.132004
30,Checkpoint_30s,0.0,0.015774011611938477,0,100,0.0012464523315429688,,16,SUCCESS,0.00018525123596191406,checkpointing,2025-12-17T10:20:27.150642
30,Checkpoint_30s,0.0,0.012337923049926758,0,100,0.00026416778564453125,,17,SUCCESS,0.0005581378936767578,checkpointing,2025-12-17T10:20:29.167945
30,Checkpoint_30s,0.0,0.011127710342407227,0,100,0.0002181529998779297,,18,SUCCESS,0.0002079010009765625,checkpointing,2025-12-17T10:20:31.184093
30,Checkpoint_30s,0.0,0.020648956298828125,0,100,0.0005548000335693359,,19,SUCCESS,0.0002033710479736328,checkpointing,2025-12-17T10:20:33.209374
30,Checkpoint_30s,0.0,0.008774280548095703,0,100,0.0001876354217529297,,20,SUCCESS,0.0001685619354248047,checkpointing,2025-12-17T10:20:35.221167
60,Checkpoint_60s,0.0,0.008564949035644531,0,100,0.0001723766326904297,,1,SUCCESS,0.00015091896057128906,checkpointing,2025-12-17T10:20:35.229838
60,Checkpoint_60s,0.0,0.032759666442871094,0,100,0.0010616779327392578,,2,SUCCESS,0.0009799003601074219,checkpointing,2025-12-17T10:20:37.264488
60,Checkpoint_60s,0.0,0.008590221405029297,0,100,0.00018906593322753906,,3,SUCCESS,0.00016808509826660156,checkpointing,2025-12-17T10:20:39.276814
60,Checkpoint_60s,0.0,0.011767148971557617,0,100,0.0002498626708984375,,4,SUCCESS,0.0001914501190185547,checkpointing,2025-12-17T10:20:41.291044
60,Checkpoint_60s,0.0,0.011466026306152344,0,100,0.00021123886108398438,,5,SUCCESS,0.00019502639770507812,checkpointing,2025-12-17T10:20:43.306558
60,Checkpoint_60s,0.0,0.013717174530029297,0,100,0.0005130767822265625,,6,SUCCESS,0.00017118453979492188,checkpointing,2025-12-17T10:20:45.321475
60,Checkpoint_60s,0.0,0.017301082611083984,0,100,0.0001819133758544922,,7,SUCCESS,0.0002052783966064453,checkpointing,2025-12-17T10:20:47.343896
60,Checkpoint_60s,0.0,0.008744955062866211,0,100,0.0001773834228515625,,8,SUCCESS,0.00015783309936523438,checkpointing,2025-12-17T10:20:49.355459
60,Checkpoint_60s,0.0,0.023515939712524414,0,100,0.0004990100860595703,,9,SUCCESS,0.00019025802612304688,checkpointing,2025-12-17T10:20:51.381256
60,Checkpoint_60s,0.0,0.015156984329223633,0,100,0.00042700767517089844,,10,SUCCESS,0.00027441978454589844,checkpointing,2025-12-17T10:20:53.397916
60,Checkpoint_60s,0.0,0.01802515983581543,0,100,0.0002484321594238281,,11,SUCCESS,0.00018739700317382812,checkpointing,2025-12-17T10:20:55.418206
60,Checkpoint_60s,0.0,0.011344194412231445,0,100,0.00019621849060058594,,12,SUCCESS,0.00015807151794433594,checkpointing,2025-12-17T10:20:57.432944
60,Checkpoint_60s,0.0,0.01108407974243164,0,100,0.0001583099365234375,,13,SUCCESS,0.00015425682067871094,checkpointing,2025-12-17T10:20:59.448837
60,Checkpoint_60s,0.0,0.010535240173339844,0,100,0.00017499923706054688,,14,SUCCESS,0.0001785755157470703,checkpointing,2025-12-17T10:21:01.460963
60,Checkpoint_60s,0.0,0.01034402847290039,0,100,0.0002410411834716797,,15,SUCCESS,0.00018286705017089844,checkpointing,2025-12-17T10:21:03.475609
60,Checkpoint_60s,0.0,0.010514020919799805,0,100,0.00019669532775878906,,16,SUCCESS,0.00018930435180664062,checkpointing,2025-12-17T10:21:05.491190
60,Checkpoint_60s,0.0,0.22364163398742676,0,100,0.0003428459167480469,,17,SUCCESS,0.0002601146697998047,checkpointing,2025-12-17T10:21:07.716404
60,Checkpoint_60s,0.0,0.009009122848510742,0,100,0.00019788742065429688,,18,SUCCESS,0.00017070770263671875,checkpointing,2025-12-17T10:21:09.728007
60,Checkpoint_60s,0.0,0.01257014274597168,0,100,0.00022029876708984375,,19,SUCCESS,0.0001800060272216797,checkpointing,2025-12-17T10:21:11.745594
60,Checkpoint_60s,0.0,0.0084991455078125,0,100,0.00023555755615234375,,20,SUCCESS,0.00015974044799804688,checkpointing,2025-12-17T10:21:13.755055
120,Checkpoint_120s,0.0,0.008992195129394531,0,100,0.0002453327178955078,,1,SUCCESS,0.000171661376953125,checkpointing,2025-12-17T10:21:13.764103
120,Checkpoint_120s,0.0,0.010397195816040039,0,100,0.0001678466796875,,2,SUCCESS,0.00019359588623046875,checkpointing,2025-12-17T10:21:15.775323
120,Checkpoint_120s,0.0,0.018877267837524414,0,100,0.0003399848937988281,,3,SUCCESS,0.0002315044403076172,checkpointing,2025-12-17T10:21:17.794394
120,Checkpoint_120s,0.0,0.034938812255859375,0,100,0.0004930496215820312,,4,SUCCESS,0.015443801879882812,checkpointing,2025-12-17T10:21:19.834567
120,Checkpoint_120s,0.0,0.01412510871887207,0,100,0.00020503997802734375,,5,SUCCESS,0.00015997886657714844,checkpointing,2025-12-17T10:21:21.849611
120,Checkpoint_120s,0.0,0.009170055389404297,0,100,0.0002269744873046875,,6,SUCCESS,0.000171661376953125,checkpointing,2025-12-17T10:21:23.863513
120,Checkpoint_120s,0.0,0.009171009063720703,0,100,0.0003025531768798828,,7,SUCCESS,0.00016164779663085938,checkpointing,2025-12-17T10:21:25.874722
120,Checkpoint_120s,0.0,0.018802881240844727,0,100,0.0005638599395751953,,8,SUCCESS,0.00039839744567871094,checkpointing,2025-12-17T10:21:27.898550
120,Checkpoint_120s,0.0,0.015637874603271484,0,100,0.00020432472229003906,,9,SUCCESS,0.00019049644470214844,checkpointing,2025-12-17T10:21:29.914230
120,Checkpoint_120s,0.0,0.01913905143737793,0,100,0.00023674964904785156,,10,SUCCESS,0.00022673606872558594,checkpointing,2025-12-17T10:21:31.938350
120,Checkpoint_120s,0.0,0.010209083557128906,0,100,0.0002484321594238281,,11,SUCCESS,0.00015664100646972656,checkpointing,2025-12-17T10:21:33.949506
120,Checkpoint_120s,0.0,0.008883953094482422,0,100,0.0003604888916015625,,12,SUCCESS,0.00017023086547851562,checkpointing,2025-12-17T10:21:35.962603
120,Checkpoint_120s,0.0,0.022357940673828125,0,100,0.0006000995635986328,,13,SUCCESS,0.000308990478515625,checkpointing,2025-12-17T10:21:37.990038
120,Checkpoint_120s,0.0,0.013618946075439453,0,100,0.0002071857452392578,,14,SUCCESS,0.00017118453979492188,checkpointing,2025-12-17T10:21:40.008696
120,Checkpoint_120s,0.0,0.014600992202758789,0,100,0.00023818016052246094,,15,SUCCESS,0.0004601478576660156,checkpointing,2025-12-17T10:21:42.027170
120,Checkpoint_120s,0.0,0.01087498664855957,0,100,0.0002155303955078125,,16,SUCCESS,0.0002760887145996094,checkpointing,2025-12-17T10:21:44.039893
120,Checkpoint_120s,0.0,0.013062000274658203,0,100,0.0002987384796142578,,17,SUCCESS,0.0005025863647460938,checkpointing,2025-12-17T10:21:46.054925
120,Checkpoint_120s,0.0,0.009384870529174805,0,100,0.00028824806213378906,,18,SUCCESS,0.00016045570373535156,checkpointing,2025-12-17T10:21:48.068049
120,Checkpoint_120s,0.0,0.013433218002319336,0,100,0.00018334388732910156,,19,SUCCESS,0.0001709461212158203,checkpointing,2025-12-17T10:21:50.084967
120,Checkpoint_120s,0.0,0.014818191528320312,0,100,0.0002620220184326172,,20,SUCCESS,0.00021266937255859375,checkpointing,2025-12-17T10:21:52.102405
,Replication_F2,100.0,0.008327960968017578,100,100,2.2411346435546875e-05,2,1,SUCCESS,0.00034999847412109375,replication,2025-12-17T10:21:52.110826
,Replication_F2,100.0,0.13782215118408203,100,100,1.2636184692382812e-05,2,2,SUCCESS,0.0004439353942871094,replication,2025-12-17T10:21:54.259343
,Replication_F2,100.0,0.015295028686523438,100,100,7.3909759521484375e-06,2,3,SUCCESS,0.00025653839111328125,replication,2025-12-17T10:21:56.279669
,Replication_F2,100.0,0.009421825408935547,100,100,1.1682510375976562e-05,2,4,SUCCESS,0.0002887248992919922,replication,2025-12-17T10:21:58.291712
,Replication_F2,100.0,0.009260177612304688,100,100,6.4373016357421875e-06,2,5,SUCCESS,0.00024008750915527344,replication,2025-12-17T10:22:00.305464
,Replication_F2,100.0,0.019109725952148438,100,100,6.9141387939453125e-06,2,6,SUCCESS,0.0002658367156982422,replication,2025-12-17T10:22:02.329591
,Replication_F2,100.0,0.02228999137878418,100,100,8.344650268554688e-06,2,7,SUCCESS,0.00028252601623535156,replication,2025-12-17T10:22:04.357009
,Replication_F2,100.0,0.010246992111206055,100,100,9.059906005859375e-06,2,8,SUCCESS,0.000278472900390625,replication,2025-12-17T10:22:06.368086
,Replication_F2,100.0,0.00969386100769043,100,100,5.9604644775390625e-06,2,9,SUCCESS,0.00024080276489257812,replication,2025-12-17T10:22:08.382794
,Replication_F2,100.0,0.009544134140014648,100,100,7.152557373046875e-06,2,10,SUCCESS,0.00032806396484375,replication,2025-12-17T10:22:10.395407
,Replication_F2,100.0,0.010639190673828125,100,100,6.67572021484375e-06,2,11,SUCCESS,0.0002524852752685547,replication,2025-12-17T10:22:12.411056
,Replication_F2,100.0,0.017735004425048828,100,100,8.58306884765625e-06,2,12,SUCCESS,0.00024962425231933594,replication,2025-12-17T10:22:14.433855
,Replication_F2,100.0,0.019520998001098633,100,100,1.1920928955078125e-05,2,13,SUCCESS,0.0002849102020263672,replication,2025-12-17T10:22:16.455453
,Replication_F2,100.0,0.008871793746948242,100,100,5.9604644775390625e-06,2,14,SUCCESS,0.00023412704467773438,replication,2025-12-17T10:22:18.467416
,Replication_F2,100.0,0.013200044631958008,100,100,5.9604644775390625e-06,2,15,SUCCESS,0.00023293495178222656,replication,2025-12-17T10:22:20.485637
,Replication_F2,100.0,0.01191401481628418,100,100,6.4373016357421875e-06,2,16,SUCCESS,0.00025463104248046875,replication,2025-12-17T10:22:22.500525
,Replication_F2,100.0,0.009531974792480469,100,100,6.4373016357421875e-06,2,17,SUCCESS,0.0002601146697998047,replication,2025-12-17T10:22:24.514901
,Replication_F2,100.0,0.015213966369628906,100,100,2.47955322265625e-05,2,18,SUCCESS,0.0008299350738525391,replication,2025-12-17T10:22:26.535128
,Replication_F2,100.0,0.008464813232421875,100,100,6.4373016357421875e-06,2,19,SUCCESS,0.0002930164337158203,replication,2025-12-17T10:22:28.547254
,Replication_F2,100.0,0.012722969055175781,100,100,6.9141387939453125e-06,2,20,SUCCESS,0.0002467632293701172,replication,2025-12-17T10:22:30.565011
,Replication_F3,100.0,0.007730245590209961,100,100,6.9141387939453125e-06,3,1,SUCCESS,0.000484466552734375,replication,2025-12-17T10:22:30.572806
,Replication_F3,100.0,0.01161813735961914,100,100,1.1682510375976562e-05,3,2,SUCCESS,0.0004782676696777344,replication,2025-12-17T10:22:32.589473
,Replication_F3,100.0,0.02448296546936035,100,100,7.367134094238281e-05,3,3,SUCCESS,0.0013799667358398438,replication,2025-12-17T10:22:34.615054
,Replication_F3,100.0,0.014920234680175781,100,100,7.62939453125e-06,3,4,SUCCESS,0.00028204917907714844,replication,2025-12-17T10:22:36.631827
,Replication_F3,100.0,0.013556957244873047,100,100,4.38690185546875e-05,3,5,SUCCESS,0.0005204677581787109,replication,2025-12-17T10:22:38.647502
,Replication_F3,100.0,0.025196075439453125,100,100,6.9141387939453125e-06,3,6,SUCCESS,0.0002703666687011719,replication,2025-12-17T10:22:40.677921
,Replication_F3,100.0,0.013319969177246094,100,100,6.4373016357421875e-06,3,7,SUCCESS,0.00030922889709472656,replication,2025-12-17T10:22:42.695931
,Replication_F3,100.0,0.011533975601196289,100,100,6.9141387939453125e-06,3,8,SUCCESS,0.0003287792205810547,replication,2025-12-17T10:22:44.712487
,Replication_F3,100.0,0.021020889282226562,100,100,1.621246337890625e-05,3,9,SUCCESS,0.00036644935607910156,replication,2025-12-17T10:22:46.738526
,Replication_F3,100.0,0.01038813591003418,100,100,8.58306884765625e-06,3,10,SUCCESS,0.0003159046173095703,replication,2025-12-17T10:22:48.750844
,Replication_F3,100.0,0.01770806312561035,100,100,6.67572021484375e-06,3,11,SUCCESS,0.0003886222839355469,replication,2025-12-17T10:22:50.769494
,Replication_F3,100.0,0.009934663772583008,100,100,6.67572021484375e-06,3,12,SUCCESS,0.0002913475036621094,replication,2025-12-17T10:22:52.781728
,Replication_F3,100.0,0.039389848709106445,100,100,3.0517578125e-05,3,13,SUCCESS,0.00046825408935546875,replication,2025-12-17T10:22:54.824428
,Replication_F3,100.0,0.012820959091186523,100,100,7.3909759521484375e-06,3,14,SUCCESS,0.00028777122497558594,replication,2025-12-17T10:22:56.842308
,Replication_F3,100.0,0.01069188117980957,100,100,6.67572021484375e-06,3,15,SUCCESS,0.00027108192443847656,replication,2025-12-17T10:22:58.855412
,Replication_F3,100.0,0.011836051940917969,100,100,7.867813110351562e-06,3,16,SUCCESS,0.0006721019744873047,replication,2025-12-17T10:23:00.872278
,Replication_F3,100.0,0.009345769882202148,100,100,6.4373016357421875e-06,3,17,SUCCESS,0.000274658203125,replication,2025-12-17T10:23:02.885138
,Replication_F3,100.0,0.009785175323486328,100,100,7.152557373046875e-06,3,18,SUCCESS,0.0002760887145996094,replication,2025-12-17T10:23:04.898741
,Replication_F3,100.0,0.008208990097045898,100,100,7.62939453125e-06,3,19,SUCCESS,0.0003018379211425781,replication,2025-12-17T10:23:06.909114
,Replication_F3,100.0,0.02456068992614746,100,100,1.430511474609375e-05,3,20,SUCCESS,0.00030875205993652344,replication,2025-12-17T10:23:08.934164
,Replication_F5,100.0,0.010337114334106445,100,100,1.1682510375976562e-05,5,1,SUCCESS,0.0003859996795654297,replication,2025-12-17T10:23:08.944575
,Replication_F5,100.0,0.009279012680053711,100,100,6.198883056640625e-06,5,2,SUCCESS,0.00037360191345214844,replication,2025-12-17T10:23:10.954480
,Replication_F5,100.0,0.014617919921875,100,100,1.0251998901367188e-05,5,3,SUCCESS,0.0005533695220947266,replication,2025-12-17T10:23:12.974133
,Replication_F5,100.0,0.013557195663452148,100,100,8.344650268554688e-06,5,4,SUCCESS,0.0005283355712890625,replication,2025-12-17T10:23:14.992711
,Replication_F5,100.0,0.012336969375610352,100,100,6.9141387939453125e-06,5,5,SUCCESS,0.0004508495330810547,replication,2025-12-17T10:23:17.007735
,Replication_F5,100.0,0.0159759521484375,100,100,7.152557373046875e-06,5,6,SUCCESS,0.00034165382385253906,replication,2025-12-17T10:23:19.028749
,Replication_F5,100.0,0.08873319625854492,100,100,1.3828277587890625e-05,5,7,SUCCESS,0.00044918060302734375,replication,2025-12-17T10:23:21.122034
,Replication_F5,100.0,0.014704227447509766,100,100,8.821487426757812e-06,5,8,SUCCESS,0.000423431396484375,replication,2025-12-17T10:23:23.141796
,Replication_F5,100.0,0.016846179962158203,100,100,9.5367431640625e-06,5,9,SUCCESS,0.0004677772521972656,replication,2025-12-17T10:23:25.160409
,Replication_F5,100.0,0.015858888626098633,100,100,6.9141387939453125e-06,5,10,SUCCESS,0.00035762786865234375,replication,2025-12-17T10:23:27.181284
,Replication_F5,100.0,0.017393112182617188,100,100,7.867813110351562e-06,5,11,SUCCESS,0.0003952980041503906,replication,2025-12-17T10:23:29.203693
,Replication_F5,100.0,0.021294116973876953,100,100,1.2874603271484375e-05,5,12,SUCCESS,0.0003936290740966797,replication,2025-12-17T10:23:31.225163
,Replication_F5,100.0,0.058322906494140625,100,100,1.8835067749023438e-05,5,13,SUCCESS,0.002456188201904297,replication,2025-12-17T10:23:33.284449
,Replication_F5,100.0,0.011290788650512695,100,100,6.67572021484375e-06,5,14,SUCCESS,0.0003216266632080078,replication,2025-12-17T10:23:35.300867
,Replication_F5,100.0,0.1531529426574707,100,100,3.457069396972656e-05,5,15,SUCCESS,0.0017473697662353516,replication,2025-12-17T10:23:37.456677
,Replication_F5,100.0,0.03387808799743652,100,100,0.0001976490020751953,5,16,SUCCESS,0.0021364688873291016,replication,2025-12-17T10:23:39.496127
,Replication_F5,100.0,0.041526079177856445,100,100,1.621246337890625e-05,5,17,SUCCESS,0.0004763603210449219,replication,2025-12-17T10:23:41.545258
,Replication_F5,100.0,0.013699769973754883,100,100,6.9141387939453125e-06,5,18,SUCCESS,0.0003299713134765625,replication,2025-12-17T10:23:43.563666
,Replication_F5,100.0,0.013653039932250977,100,100,8.106231689453125e-06,5,19,SUCCESS,0.00034308433532714844,replication,2025-12-17T10:23:45.578061
,Replication_F5,100.0,0.09710001945495605,100,100,3.170967102050781e-05,5,20,SUCCESS,0.0008566379547119141,replication,2025-12-17T10:23:47.677567
30,Hybrid_30s_F3,100.0,0.02138495445251465,100,100,0.0004630088806152344,3,1,SUCCESS,0.0006356239318847656,hybrid,2025-12-17T10:23:47.699054
30,Hybrid_30s_F3,100.0,0.06676697731018066,100,100,0.0004963874816894531,3,2,SUCCESS,0.0006911754608154297,hybrid,2025-12-17T10:23:49.766605
30,Hybrid_30s_F3,100.0,0.011672019958496094,100,100,0.0002713203430175781,3,3,SUCCESS,0.00045037269592285156,hybrid,2025-12-17T10:23:51.782117
30,Hybrid_30s_F3,100.0,0.03229999542236328,100,100,0.0005178451538085938,3,4,SUCCESS,0.0011682510375976562,hybrid,2025-12-17T10:23:53.819469
30,Hybrid_30s_F3,100.0,0.011042118072509766,100,100,0.0001327991485595703,3,5,SUCCESS,0.0006852149963378906,hybrid,2025-12-17T10:23:55.831180
30,Hybrid_30s_F3,100.0,0.019596099853515625,100,100,0.0001964569091796875,3,6,SUCCESS,0.0006115436553955078,hybrid,2025-12-17T10:23:57.854959
30,Hybrid_30s_F3,100.0,0.011118888854980469,100,100,0.0001609325408935547,3,7,SUCCESS,0.00046634674072265625,hybrid,2025-12-17T10:23:59.874324
30,Hybrid_30s_F3,100.0,0.01163172721862793,100,100,0.00014352798461914062,3,8,SUCCESS,0.0004260540008544922,hybrid,2025-12-17T10:24:01.893790
30,Hybrid_30s_F3,100.0,0.011740922927856445,100,100,0.0001881122589111328,3,9,SUCCESS,0.000530242919921875,hybrid,2025-12-17T10:24:03.911256
30,Hybrid_30s_F3,100.0,0.016364097595214844,100,100,0.0002930164337158203,3,10,SUCCESS,0.001674652099609375,hybrid,2025-12-17T10:24:05.931491
30,Hybrid_30s_F3,100.0,0.43277502059936523,100,100,0.0005083084106445312,3,11,SUCCESS,0.0010323524475097656,hybrid,2025-12-17T10:24:08.371044
30,Hybrid_30s_F3,100.0,0.025083065032958984,100,100,0.0003657341003417969,3,12,SUCCESS,0.0005536079406738281,hybrid,2025-12-17T10:24:10.398406
30,Hybrid_30s_F3,100.0,0.015284061431884766,100,100,0.0001773834228515625,3,13,SUCCESS,0.0006575584411621094,hybrid,2025-12-17T10:24:12.417850
30,Hybrid_30s_F3,100.0,1.9600951671600342,100,100,0.0010449886322021484,3,14,SUCCESS,0.0009996891021728516,hybrid,2025-12-17T10:24:16.385774
30,Hybrid_30s_F3,100.0,0.0388031005859375,100,100,0.0002474784851074219,3,15,SUCCESS,0.0018351078033447266,hybrid,2025-12-17T10:24:18.426822
30,Hybrid_30s_F3,100.0,0.022569894790649414,100,100,0.00018143653869628906,3,16,SUCCESS,0.00044989585876464844,hybrid,2025-12-17T10:24:20.454348
30,Hybrid_30s_F3,100.0,1.4702107906341553,100,100,0.0008020401000976562,3,17,SUCCESS,0.0030083656311035156,hybrid,2025-12-17T10:24:23.928457
30,Hybrid_30s_F3,100.0,0.04560995101928711,100,100,0.00025177001953125,3,18,SUCCESS,0.0005006790161132812,hybrid,2025-12-17T10:24:25.976131
30,Hybrid_30s_F3,100.0,0.01901102066040039,100,100,0.00025343894958496094,3,19,SUCCESS,0.0007343292236328125,hybrid,2025-12-17T10:24:27.997870
30,Hybrid_30s_F3,100.0,0.0359187126159668,100,100,0.0006499290466308594,3,20,SUCCESS,0.0017583370208740234,hybrid,2025-12-17T10:24:30.039326
15,Hybrid_15s_F3,100.0,0.023432016372680664,100,100,0.0005762577056884766,3,1,SUCCESS,0.00074005126953125,hybrid,2025-12-17T10:24:30.062961
15,Hybrid_15s_F3,100.0,0.03472471237182617,100,100,0.00042700767517089844,3,2,SUCCESS,0.0008721351623535156,hybrid,2025-12-17T10:24:32.101376
15,Hybrid_15s_F3,100.0,0.011175870895385742,100,100,0.00016641616821289062,3,3,SUCCESS,0.0003809928894042969,hybrid,2025-12-17T10:24:34.114112
15,Hybrid_15s_F3,100.0,0.027286052703857422,100,100,0.00028586387634277344,3,4,SUCCESS,0.0006666183471679688,hybrid,2025-12-17T10:24:36.143719
15,Hybrid_15s_F3,100.0,0.01741170883178711,100,100,0.00019407272338867188,3,5,SUCCESS,0.0005061626434326172,hybrid,2025-12-17T10:24:38.166175
15,Hybrid_15s_F3,100.0,0.014089822769165039,100,100,0.00021958351135253906,3,6,SUCCESS,0.0005278587341308594,hybrid,2025-12-17T10:24:40.185583
15,Hybrid_15s_F3,100.0,0.015233993530273438,100,100,0.00014281272888183594,3,7,SUCCESS,0.0004241466522216797,hybrid,2025-12-17T10:24:42.204445
15,Hybrid_15s_F3,100.0,0.010200262069702148,100,100,0.00019025802612304688,3,8,SUCCESS,0.0004799365997314453,hybrid,2025-12-17T10:24:44.218778
15,Hybrid_15s_F3,100.0,0.015656232833862305,100,100,0.00014638900756835938,3,9,SUCCESS,0.0005068778991699219,hybrid,2025-12-17T10:24:46.237680
15,Hybrid_15s_F3,100.0,0.021010875701904297,100,100,0.00029730796813964844,3,10,SUCCESS,0.0005674362182617188,hybrid,2025-12-17T10:24:48.263873
15,Hybrid_15s_F3,100.0,0.01810479164123535,100,100,0.00017452239990234375,3,11,SUCCESS,0.00042724609375,hybrid,2025-12-17T10:24:50.286780
15,Hybrid_15s_F3,100.0,0.014360666275024414,100,100,0.00018978118896484375,3,12,SUCCESS,0.00044417381286621094,hybrid,2025-12-17T10:24:52.302355
15,Hybrid_15s_F3,100.0,0.0433809757232666,100,100,0.0004725456237792969,3,13,SUCCESS,0.0024576187133789062,hybrid,2025-12-17T10:24:54.351100
15,Hybrid_15s_F3,100.0,0.05770683288574219,100,100,0.0003349781036376953,3,14,SUCCESS,0.0014488697052001953,hybrid,2025-12-17T10:24:56.411010
15,Hybrid_15s_F3,100.0,0.014858007431030273,100,100,0.00020575523376464844,3,15,SUCCESS,0.00045037269592285156,hybrid,2025-12-17T10:24:58.431077
15,Hybrid_15s_F3,100.0,0.012482881546020508,100,100,0.0002570152282714844,3,16,SUCCESS,0.0009038448333740234,hybrid,2025-12-17T10:25:00.444950
15,Hybrid_15s_F3,100.0,0.013549089431762695,100,100,0.00032782554626464844,3,17,SUCCESS,0.00043463706970214844,hybrid,2025-12-17T10:25:02.458663
15,Hybrid_15s_F3,100.0,0.021784067153930664,100,100,0.0001747608184814453,3,18,SUCCESS,0.0009222030639648438,hybrid,2025-12-17T10:25:04.485580
15,Hybrid_15s_F3,100.0,0.013732194900512695,100,100,0.00014472007751464844,3,19,SUCCESS,0.0004436969757080078,hybrid,2025-12-17T10:25:06.499799
15,Hybrid_15s_F3,100.0,0.013385772705078125,100,100,0.0001475811004638672,3,20,SUCCESS,0.0004341602325439453,hybrid,2025-12-17T10:25:08.517388
